Name in documentation	Category	Qty	Full Name	Notes	Supplier 1	Part No	Link	Supplier 2	Part No	Link	Supplier 3	Part No	Link	Workflow Step	Roadmap Phase	Status
#1 pozidrive screwdriver	tool	1			RS Components	176-3436	https://uk.rs-online.com/web/p/screwdrivers/1763436							—	2	Pending
2.5mm Ball-end Allen key	tool	1												—	2	Pending
extra M3x10 cap screw	tool	1	Socket Head Cap (Allen) Screw M3 x 10mm in A2 Stainless	For mounting trapped nuts	McMaster Carr (0)	Search for ISO 4762	https://www.mcmaster.com/ISO-4762	McMaster Carr (1)	Search for DIN 912	https://www.mcmaster.com/DIN-912	Westfield Fasteners	WF2345	https://www.westfieldfasteners.co.uk//Bolts-Screws-Metric/Socket-Head-Cap-Allen-Screw-M3x10-A2-Stainless.html	—	2	Pending
extra M3 nut	tool	1	Hex Nut M3 in A2 Stainless	For mounting the hex bolt in the large gear	McMaster Carr (0)	Search for ISO 4032	https://www.mcmaster.com/ISO-4032	McMaster Carr (1)	Search for DIN 934	https://www.mcmaster.com/DIN-934	Westfield Fasteners	WF1255	https://www.westfieldfasteners.co.uk//Metric-Nuts/Hex-Nut-M3-A2-Stainless.html	—	2	Pending
Fused Filament 3D printer	tool	1												—	2	Pending
Pi Camera lens tool	tool	1		This should come with the Raspberry Pi Camera Module v2. If missing, 3D print a workaround lens removal tool.										—	2	Pending
precision wire cutters	tool	1		Can use a utility knife if these are unavailable.										—	2	Pending
utility knife	tool	1		Not a scalpel!										—	2	Pending
0.5mm polypropylene	material	4 cm^2	White polypropylene sheet, 0.5mm thick		Kitronik	43142	https://kitronik.co.uk/collections/polypropylene-sheets/products/43142-white-polypropolene-sheet-05mm-x-1020mm-x-720mm							—	2	Pending
Black PLA filament	material	20 g												—	2	Pending
PLA filament	material	380 g		Of any colour you want. Two contrasting colours may look best.										—	2	Pending
light oil	consumable	3 drops	Light oil	Don't skip this or you will damage the screws	McMaster Carr	1271K1	https://www.mcmaster.com/1271K1/	RS Components	252-0168	https://uk.rs-online.com/web/p/oils/2520168/				—	2	Pending
M3 brass nut	mech	3	Hex Nut M3 in Brass		McMaster Carr (0)	Search for ISO 4032	https://www.mcmaster.com/ISO-4032	McMaster Carr (1)	Search for DIN 934	https://www.mcmaster.com/DIN-934	Westfield Fasteners	WF20152	https://www.westfieldfasteners.co.uk//Metric-Nuts/Hex-Nut-M3-Brass.html	—	2	Pending
M3 nut	mech	21	Hex Nut M3 in A2 Stainless		McMaster Carr (0)	Search for ISO 4032	https://www.mcmaster.com/ISO-4032	McMaster Carr (1)	Search for DIN 934	https://www.mcmaster.com/DIN-934	Westfield Fasteners	WF1255	https://www.westfieldfasteners.co.uk//Metric-Nuts/Hex-Nut-M3-A2-Stainless.html	—	2	Pending
M3 stainless steel washers	mech	8	Form A Washer M3 in A2 Stainless		McMaster Carr (0)	Search for ISO 7089	https://www.mcmaster.com/ISO-7089	McMaster Carr (1)	Search for DIN 125A	https://www.mcmaster.com/DIN-125A	Westfield Fasteners	WF1189	https://www.westfieldfasteners.co.uk//Metric-Washers/Form-A-Washer-M3-A2-Stainless.html	—	2	Pending
M3x10 cap head screws	mech	17	Socket Head Cap (Allen) Screw M3 x 10mm in A2 Stainless		McMaster Carr (0)	Search for ISO 4762	https://www.mcmaster.com/ISO-4762	McMaster Carr (1)	Search for DIN 912	https://www.mcmaster.com/DIN-912	Westfield Fasteners	WF2345	https://www.westfieldfasteners.co.uk//Bolts-Screws-Metric/Socket-Head-Cap-Allen-Screw-M3x10-A2-Stainless.html	—	2	Pending
M3x25mm stainless steel hex bolt	mech	4	Hex Bolt Full Thread M3 x 25mm in A2 Stainless		McMaster Carr (0)	Search for ISO 4017	https://www.mcmaster.com/ISO-4017	McMaster Carr (1)	Search for DIN 933	https://www.mcmaster.com/DIN-933	Westfield Fasteners	WF1662	https://www.westfieldfasteners.co.uk//Bolts-Screws-Metric/Hex-Bolt-Full-Thread-M3x25-A2-Stainless.html	1	2	Pending
No 2 6.5mm self tapping screws	mech	18	Pozi Pan Self Tapping Screw No.2 x 6.5mm in A2 Stainless		McMaster Carr	Search for DIN 7981	https://www.mcmaster.com/DIN-7981	Westfield Fasteners	WF825	https://www.westfieldfasteners.co.uk/A2_TappingScrew_PoziPan_No.2.html				—	2	Pending
Viton O-ring (30mmx2mm)	mech	3	VITON Rubber O-Rings, ID 30mm, Width 2mm	Viton band	McMaster Carr	9263K119	https://www.mcmaster.com/9263K119	Simply Bearings	513396	https://simplybearings.co.uk/shop/p513396/2mm-Section-30mm-Bore-VITON-Rubber-O-Rings/product_info.html				1	2	Pending
12.7 mm achromatic lens (125-150 mm)	optical	1	12.7 mm achromatic doublet lens (125 mm or 150 mm focal length) - CUSTOM for IMX477		ThorLabs	AC127-125-A or AC127-150-A	https://www.thorlabs.com/thorproduct.cfm?partnumber=AC127-125-A	AliExpress	Search for 125mm achromatic lens	https://www.aliexpress.com/wholesale?SearchText=125mm+achromatic+lens	Surplus Shed	Search for the specifications given below	https://www.surplusshed.com/search_lenses.php?type=ACH&diameter_to=12.5&diameter_from=13&focal_length_to=123&focal_length_from=152&sort=diameter&sortby=+asc	2	2	Pending
condenser lens	optical	1	PMMA Condenser Lens		AliExpress	Search for '13mm 5mm PMMA lens'	https://www.aliexpress.com/wholesale?SearchText=13mm+5mm+pmma+lens							2	2	Pending
microscope objective	optical	1	Microscope Objective	Replaced by scraped objectives from existing microscopes (≤10x). See custom entries below.										2	2	Replaced
Pi HQ Camera (IMX477)	optical	1	Raspberry Pi HQ Camera Module (Sony IMX477, 12.3 MP, C-mount)	Primary imaging camera for OpenFlexure microscopy. C-mount adapter. Custom tube lens required (125-150mm).	The Pi Hut		https://thepihut.com/products/raspberry-pi-high-quality-camera	RS Components		https://uk.rs-online.com/web/p/raspberry-pi-cameras/				2	2	Acquired
Scraped microscope objective (≤10x)	optical	1	Finite conjugate RMS objective ≤10x (salvaged)	Sourced from existing microscopes. Exact magnification TBD (≤10x). RMS thread assumed. Verify tube length (160mm finite or infinity).										2	2	Acquired
Sangaboard v0.5	electronic	1	Sangaboard v0.5	Official OpenFlexure motor controller board. Preferred over DIY Arduino workaround.	Taulab	Sangaboard v5	https://taulab.eu/openflexure/5-sangaboard-v5.html							1	2	Pending
2 pin Du Pont connector female housing	electronic	2	1x2 Crimp Connector Housing		Proto Pic	Search for Crimp Connector Housings	https://proto-pic.co.uk/product/pololu-6059-01-crimp-connector-housing-range-254mm/?attribute_pa_housing-size=1x2-25-pack							—	2	Pending
200mm Pi Camera ribbon cable	electronic	1	200mm ribbon cable for Raspberry Pi HQ Camera	Shipped with HQ Camera - already have.	Farnell	3385343	https://uk.farnell.com/multicomp-pro/mp-ffca10152003b/ffc-cord-15p-opposite-side-200mm/dp/3385343	The Pi Hut	102929	https://thepihut.com/products/flex-cable-for-raspberry-pi-camera-or-display-200mm-8				2	2	Acquired
28BYJ-48 micro geared stepper motors	electronic	3	28BYJ-48 Stepper Motors											1	2	Acquired
illumination PCB	electronic	1	Illumination PCB	A 5mm LED can be used instead, if you follow the LED workaround.	Taulab	OFMv7 Illumination Kit	https://taulab.eu/openflexure/4-ofmv7-illumination-kit.html							1	2	Pending
micro SD card	electronic	1	Micro SD card for Raspberry Pi	You may also need a compatible SD card reader.	RS Components	174-7338	https://uk.rs-online.com/web/p/sd-cards/1747338							3	1	Acquired
Pre-crimped Female-Female jumper cable (30 cm), Black	electronic	1	Black Female-Female pre-crimped jumper cables		Proto Pic	Search for Pre-Crimped Jumper Wire	https://proto-pic.co.uk/product/pre-crimped-jumper-wire-range/?attribute_pa_gender=female-to-female&attribute_pa_length=12-300mm&attribute_pa_colour=black-10-pack							—	2	Pending
Pre-crimped Female-Female jumper cable (30 cm), Red	electronic	1	Red Female-Female pre-crimped jumper cables		Proto Pic	Search for Pre-Crimped Jumper Wire	https://proto-pic.co.uk/product/pre-crimped-jumper-wire-range/?attribute_pa_gender=female-to-female&attribute_pa_length=12-300mm&attribute_pa_colour=red-10-pack							—	2	Pending
Raspberry Pi Camera Module v2	electronic	1	Raspberry Pi Camera Module v2	Superseded. Replaced by Pi HQ Camera (IMX477) for OpenFlexure microscopy.	RS Components	913-2664	https://uk.rs-online.com/web/p/raspberry-pi-cameras/9132664/							2	2	Replaced
Raspberry Pi Power Supply	electronic	1	Raspberry Pi Power Supply (USB-C, 27W official)		RS Components	187-3416	https://uk.rs-online.com/web/p/raspberry-pi-power-supplies/1873416/							3	1	Acquired
Raspberry Pi v4	electronic	1	Raspberry Pi 4B	Replaced by Raspberry Pi 5 (8GB).	RS Components	182-2096	https://uk.rs-online.com/web/p/raspberry-pi/1822096/							3	1	Replaced
Raspberry Pi 5 (8GB)	electronic	1	Raspberry Pi 5, 8 GB RAM	Custom: replaces RPi4. ARM Cortex-A76, 4x 2.4 GHz, PCIe, USB 3, CSI. Main computing unit and OpenFlexure host.	RS Components	Search for Raspberry Pi 5	https://uk.rs-online.com/web/c/raspberry-pi/raspberry-pi-boards/raspberry-pi-5/	The Pi Hut		https://thepihut.com/products/raspberry-pi-5				3	1	Acquired
AI HAT+ (Hailo-8, 27 TOPS)	electronic	1	Raspberry Pi AI HAT+ with Hailo-8L NPU	Custom: PCIe NPU for heavy inference (segmentation, YOLOv8). 26-27 TOPS. Connects via M.2 HAT on PCIe bus.	RS Components	Search for Raspberry Pi AI HAT	https://uk.rs-online.com/web/p/raspberry-pi-hats-add-ons/2677489/	The Pi Hut		https://thepihut.com/products/raspberry-pi-ai-hat				4	4	Acquired
AI Camera (IMX500)	electronic	1	Raspberry Pi AI Camera, Sony IMX500, 12.3 MP	Removed from microscope build. May be repurposed for incubator monitoring in future projects. M12 lens unsuitable for cell microscopy.	RS Components	Search for Raspberry Pi AI Camera	https://uk.rs-online.com/web/p/raspberry-pi-cameras/2683177/	The Pi Hut		https://thepihut.com/products/raspberry-pi-ai-camera				4	1	Removed
DS3231 RTC Module	electronic	1	DS3231 Real-Time Clock Module	Custom: battery-backed RTC for timekeeping across reboots. I2C address 0x68 on bus 1.	AliExpress	Search for DS3231 RTC module	https://www.aliexpress.com/wholesale?SearchText=DS3231+RTC+module	Amazon	Search for DS3231 RTC					3	1	Acquired
GPIO Stacking Header	electronic	1	40-pin GPIO Stacking Header for Raspberry Pi	Custom: pass-through header allowing RTC module to sit under the AI HAT on the same GPIO bus.	AliExpress	Search for Raspberry Pi stacking header	https://www.aliexpress.com/wholesale?SearchText=raspberry+pi+stacking+header	The Pi Hut		https://thepihut.com/products/stacking-header-for-raspberry-pi				3	1	Acquired
Arduino Nano (ATmega328p)	electronic	1	Arduino Nano ATmega328p	Fallback DIY Sangaboard workaround (same firmware as Sangaboard v0.3/v0.5). Only needed if Sangaboard unavailable.	Amazon	Search for Arduino Nano ATmega328p	https://www.amazon.de/s?k=arduino+nano+atmega328p	AliExpress	Search for Arduino Nano	https://www.aliexpress.com/wholesale?SearchText=arduino+nano+atmega328p				1	2	Optional
ULN2003 driver boards	electronic	3	ULN2003 Unipolar Stepper Driver Board	Fallback: only needed with Arduino Nano DIY workaround. Usually bundled with motors.	AliExpress	Search for ULN2003 stepper driver	https://www.aliexpress.com/wholesale?SearchText=ULN2003+stepper+driver	Amazon	Search for ULN2003 driver board					1	2	Optional
Jumper wires (19x assorted)	electronic	19	Male-to-Female and Female-to-Female jumper wires	Fallback: only needed with Arduino Nano DIY workaround. Wiring between Nano and ULN2003 boards.	AliExpress	Search for jumper wires assorted	https://www.aliexpress.com/wholesale?SearchText=jumper+wires+assorted	Amazon	Search for jumper wires					1	2	Optional
USB Cable Mini-B	electronic	1	USB Type-A to Mini-B cable	Fallback: only needed with Arduino Nano DIY workaround. Power + serial between RPi5 and Arduino Nano.	Amazon	Search for USB Mini-B cable	https://www.amazon.de/s?k=usb+mini-b+kabel	AliExpress	Search for USB Mini-B	https://www.aliexpress.com/wholesale?SearchText=usb+mini-b+cable				1	2	Optional
